,mean word lenghth,max word lenghth,min word lenghth,mean sentence lenghth,max sentence lenghth,min sentence lenghth,mean syllables per word,syllables freq,commas freq,semicolon freq,stop words freq
EAP,4.021666264561936,53,1,29.381265822784812,330,4,1.4421400013786447,5.143682123771764,0.30324548854685535,0.023337182647063894,1.8041331288026337
HPL,4.182737352777187,18,1,30.87329192546584,169,4,1.431571928654776,5.214658602212359,0.19732333800906018,0.02628371697288845,1.7337825097155473
MWS,4.016581402984759,18,1,31.24189278623428,876,4,1.407533920116933,5.030632348268192,0.2551636479186527,0.056392331320834654,1.8415422095117042
