author,n_words,n_character,n_punct,punct_prop,semi_colon,coma,interrogation,n_stop_words,stop_words_prop,n_syllabe,DT,NN,RB,VBD,PRP,NNS,IN,VBG,PRP$,MD,VB,CC,label
EAP,29.381265822784812,118.16164556962025,3.4339240506329114,0.12332568742256912,0.17139240506329115,2.2270886075949368,0.06455696202531645,13.250632911392405,0.4453821887047763,42.371898734177215,3.240886075949367,5.04253164556962,1.6246835443037975,1.3283544303797468,1.051012658227848,1.0446835443037974,3.730126582278481,0.39746835443037976,0.6306329113924051,0.31240506329113926,0.8188607594936709,1.0025316455696203,2.0
HPL,30.87329192546584,129.1348713398403,2.765572315882875,0.09714655199319017,0.2028393966282165,1.5228039041703638,0.029991126885536824,13.380479148181012,0.43226477889858134,44.19733806566105,3.1767524401064775,5.439574090505768,1.6328305235137532,2.034072759538598,1.0747116237799468,1.526530612244898,3.760603371783496,0.4644188110026619,0.5428571428571428,0.30967169476486245,0.8562555456965395,1.3781721384205856,1.0
MWS,31.24189278623428,125.4856055592323,3.447551290536069,0.11681205383453439,0.44043679682329584,1.992885506287227,0.06932495036399736,14.383355393778954,0.4555786581548718,43.97402382528127,2.6634679020516216,5.264725347452019,1.3358702845797485,1.9205823957643944,1.538881535407015,1.3413302448709463,3.5387160820648575,0.35473196558570486,1.234116479152879,0.4472203838517538,1.17620780939775,1.3204831237591,0.0
